id;firstName;lastName;email;profession
100;Florencia;Berriman;Florencia.Berriman@yopmail.com;worker
101;Neila;Hedve;Neila.Hedve@yopmail.com;doctor
102;Ketti;Israeli;Ketti.Israeli@yopmail.com;police officer
103;Agathe;Audly;Agathe.Audly@yopmail.com;worker
104;Katleen;Jacobah;Katleen.Jacobah@yopmail.com;worker
105;Dolli;Martsen;Dolli.Martsen@yopmail.com;doctor
106;Ingrid;Charmine;Ingrid.Charmine@yopmail.com;developer
107;Mellicent;Iiette;Mellicent.Iiette@yopmail.com;firefighter
108;Perry;Evvie;Perry.Evvie@yopmail.com;police officer
109;Ann-Marie;Colp;Ann-Marie.Colp@yopmail.com;worker
110;Olivette;Carlson;Olivette.Carlson@yopmail.com;police officer
111;Caryl;Saunderson;Caryl.Saunderson@yopmail.com;doctor
112;Pierette;Merell;Pierette.Merell@yopmail.com;doctor
113;Paulita;Girardo;Paulita.Girardo@yopmail.com;police officer
114;Rebeca;Bollay;Rebeca.Bollay@yopmail.com;police officer
115;Augustine;Cohdwell;Augustine.Cohdwell@yopmail.com;doctor
116;Vonny;Berl;Vonny.Berl@yopmail.com;firefighter
117;Vonny;Abbot;Vonny.Abbot@yopmail.com;doctor
118;Kamilah;Morrill;Kamilah.Morrill@yopmail.com;firefighter
119;Charmaine;Voletta;Charmaine.Voletta@yopmail.com;police officer
120;Margalo;Eno;Margalo.Eno@yopmail.com;firefighter
121;Wileen;Moseley;Wileen.Moseley@yopmail.com;doctor
122;Tori;Philoo;Tori.Philoo@yopmail.com;worker
123;Cherilyn;Luhe;Cherilyn.Luhe@yopmail.com;developer
124;Celestyna;Simmonds;Celestyna.Simmonds@yopmail.com;worker
125;Corina;Hamil;Corina.Hamil@yopmail.com;worker
126;Emelina;Bahr;Emelina.Bahr@yopmail.com;police officer
127;Kassey;Gabrielli;Kassey.Gabrielli@yopmail.com;worker
128;Nickie;Danby;Nickie.Danby@yopmail.com;developer
129;Peri;Jaylene;Peri.Jaylene@yopmail.com;doctor
130;Willetta;Obed;Willetta.Obed@yopmail.com;developer
131;Amalie;Bronk;Amalie.Bronk@yopmail.com;developer
132;Sibella;Greenwald;Sibella.Greenwald@yopmail.com;worker
133;Anallese;Dermott;Anallese.Dermott@yopmail.com;doctor
134;Fernande;Gabrielli;Fernande.Gabrielli@yopmail.com;police officer
135;Karolina;Vivle;Karolina.Vivle@yopmail.com;developer
136;Florencia;Stav;Florencia.Stav@yopmail.com;doctor
137;Louella;Dearborn;Louella.Dearborn@yopmail.com;firefighter
138;Tomasina;Lytton;Tomasina.Lytton@yopmail.com;firefighter
139;Lily;Waldron;Lily.Waldron@yopmail.com;developer
140;Ezmeralda;Narton;Ezmeralda.Narton@yopmail.com;worker
141;Jorry;Ailyn;Jorry.Ailyn@yopmail.com;doctor
142;Nataline;Toor;Nataline.Toor@yopmail.com;doctor
143;Lynde;Uund;Lynde.Uund@yopmail.com;worker
144;Dale;Bevin;Dale.Bevin@yopmail.com;police officer
145;Nataline;Helfand;Nataline.Helfand@yopmail.com;firefighter
146;Roslyn;Trey;Roslyn.Trey@yopmail.com;firefighter
147;Jennica;Ax;Jennica.Ax@yopmail.com;firefighter
148;Catrina;Docilla;Catrina.Docilla@yopmail.com;police officer
149;Brooks;Larochelle;Brooks.Larochelle@yopmail.com;police officer
150;Tori;Callista;Tori.Callista@yopmail.com;doctor
151;Judy;Bord;Judy.Bord@yopmail.com;worker
152;Neila;Melan;Neila.Melan@yopmail.com;developer
153;Vita;Cookie;Vita.Cookie@yopmail.com;doctor
154;Jasmina;Abram;Jasmina.Abram@yopmail.com;police officer
155;Willetta;Brady;Willetta.Brady@yopmail.com;doctor
156;Iseabal;Old;Iseabal.Old@yopmail.com;worker
157;Estell;Brieta;Estell.Brieta@yopmail.com;doctor
158;Quintina;Sadowski;Quintina.Sadowski@yopmail.com;police officer
159;Rozele;Faria;Rozele.Faria@yopmail.com;police officer
160;Agnese;Gilbertson;Agnese.Gilbertson@yopmail.com;worker
161;Vanessa;Dunkin;Vanessa.Dunkin@yopmail.com;police officer
162;Jacenta;Voletta;Jacenta.Voletta@yopmail.com;worker
163;Gerianna;Tryck;Gerianna.Tryck@yopmail.com;police officer
164;Lily;Bronk;Lily.Bronk@yopmail.com;developer
165;Stephanie;Skell;Stephanie.Skell@yopmail.com;police officer
166;Valera;Hurley;Valera.Hurley@yopmail.com;developer
167;Dawn;Roscoe;Dawn.Roscoe@yopmail.com;police officer
168;Jenda;Ilka;Jenda.Ilka@yopmail.com;developer
169;Barbara;Yorick;Barbara.Yorick@yopmail.com;doctor
170;Clarice;McNully;Clarice.McNully@yopmail.com;developer
171;Steffane;Burkle;Steffane.Burkle@yopmail.com;developer
172;Miquela;Glenden;Miquela.Glenden@yopmail.com;developer
173;Zaria;Belldas;Zaria.Belldas@yopmail.com;firefighter
174;Arlina;Ader;Arlina.Ader@yopmail.com;doctor
175;Justinn;Morehouse;Justinn.Morehouse@yopmail.com;firefighter
176;Lacie;Pauly;Lacie.Pauly@yopmail.com;police officer
177;Vevay;Maisey;Vevay.Maisey@yopmail.com;police officer
178;Romona;Adamsen;Romona.Adamsen@yopmail.com;worker
179;Mady;Fredi;Mady.Fredi@yopmail.com;worker
180;Fayre;Larochelle;Fayre.Larochelle@yopmail.com;developer
181;Letizia;Boycey;Letizia.Boycey@yopmail.com;developer
182;Deirdre;Chaing;Deirdre.Chaing@yopmail.com;firefighter
183;Kamilah;Capello;Kamilah.Capello@yopmail.com;worker
184;Drucie;Thomasina;Drucie.Thomasina@yopmail.com;police officer
185;Etta;Secrest;Etta.Secrest@yopmail.com;developer
186;Korrie;Tannie;Korrie.Tannie@yopmail.com;doctor
187;Yvonne;Blisse;Yvonne.Blisse@yopmail.com;worker
188;Kirstin;Morgun;Kirstin.Morgun@yopmail.com;firefighter
189;Edee;Elisha;Edee.Elisha@yopmail.com;developer
190;Catrina;Linehan;Catrina.Linehan@yopmail.com;worker
191;Priscilla;Mallon;Priscilla.Mallon@yopmail.com;firefighter
192;Aaren;Gino;Aaren.Gino@yopmail.com;developer
193;Carilyn;Maribeth;Carilyn.Maribeth@yopmail.com;firefighter
194;Renie;Medrek;Renie.Medrek@yopmail.com;worker
195;Shel;Zitvaa;Shel.Zitvaa@yopmail.com;police officer
196;Sonni;Matthew;Sonni.Matthew@yopmail.com;firefighter
197;Leeanne;Middleton;Leeanne.Middleton@yopmail.com;police officer
198;Glenda;Linehan;Glenda.Linehan@yopmail.com;firefighter
199;Jean;Fontana;Jean.Fontana@yopmail.com;developer
200;June;Helve;June.Helve@yopmail.com;worker
201;Janis;Susannah;Janis.Susannah@yopmail.com;firefighter
202;Michaelina;LaRue;Michaelina.LaRue@yopmail.com;firefighter
203;Olwen;Izaak;Olwen.Izaak@yopmail.com;doctor
204;Claudina;Deegan;Claudina.Deegan@yopmail.com;firefighter
205;Vevay;Seagraves;Vevay.Seagraves@yopmail.com;worker
206;Randa;Shuler;Randa.Shuler@yopmail.com;developer
207;Tatiania;Breed;Tatiania.Breed@yopmail.com;developer
208;Rani;Madaih;Rani.Madaih@yopmail.com;police officer
209;Dyann;Tryck;Dyann.Tryck@yopmail.com;police officer
210;Binny;Nickola;Binny.Nickola@yopmail.com;developer
211;Zsa Zsa;Selway;Zsa Zsa.Selway@yopmail.com;doctor
212;Kylynn;Dimitris;Kylynn.Dimitris@yopmail.com;worker
213;Dacia;Suanne;Dacia.Suanne@yopmail.com;worker
214;Shandie;Adamsen;Shandie.Adamsen@yopmail.com;doctor
215;Janenna;Brackely;Janenna.Brackely@yopmail.com;doctor
216;Correy;Corabella;Correy.Corabella@yopmail.com;police officer
217;Averyl;Campball;Averyl.Campball@yopmail.com;worker
218;Brynna;Juliet;Brynna.Juliet@yopmail.com;doctor
219;Lilith;Krystle;Lilith.Krystle@yopmail.com;firefighter
220;Clarice;Hepsibah;Clarice.Hepsibah@yopmail.com;developer
221;Alyda;Quent;Alyda.Quent@yopmail.com;developer
222;Trudie;Ade;Trudie.Ade@yopmail.com;doctor
223;Cathyleen;Lesley;Cathyleen.Lesley@yopmail.com;worker
224;Amii;Jeanne;Amii.Jeanne@yopmail.com;police officer
225;Marguerite;Kenwood;Marguerite.Kenwood@yopmail.com;police officer
226;Kara-Lynn;Olin;Kara-Lynn.Olin@yopmail.com;worker
227;Alyda;Brotherson;Alyda.Brotherson@yopmail.com;worker
228;Raquela;Edmund;Raquela.Edmund@yopmail.com;police officer
229;Gretal;Brotherson;Gretal.Brotherson@yopmail.com;police officer
230;Liana;Lymann;Liana.Lymann@yopmail.com;doctor
231;Vevay;Katrine;Vevay.Katrine@yopmail.com;doctor
232;Kerrin;Haymes;Kerrin.Haymes@yopmail.com;developer
233;Celene;Ardeha;Celene.Ardeha@yopmail.com;doctor
234;Jennica;Nahum;Jennica.Nahum@yopmail.com;police officer
235;Willetta;Seumas;Willetta.Seumas@yopmail.com;doctor
236;Alameda;Ochs;Alameda.Ochs@yopmail.com;firefighter
237;Lynde;Hillel;Lynde.Hillel@yopmail.com;developer
238;Cam;Valerio;Cam.Valerio@yopmail.com;worker
239;Valeda;Philoo;Valeda.Philoo@yopmail.com;firefighter
240;Asia;Engdahl;Asia.Engdahl@yopmail.com;doctor
241;Wanda;Fink;Wanda.Fink@yopmail.com;worker
242;Dorothy;Bergman;Dorothy.Bergman@yopmail.com;worker
243;Evita;Cynar;Evita.Cynar@yopmail.com;worker
244;Zia;Amand;Zia.Amand@yopmail.com;police officer
245;Maisey;Douglass;Maisey.Douglass@yopmail.com;police officer
246;Gaylene;Santoro;Gaylene.Santoro@yopmail.com;worker
247;Tierney;Prober;Tierney.Prober@yopmail.com;developer
248;Keelia;Means;Keelia.Means@yopmail.com;developer
249;Joelly;Delila;Joelly.Delila@yopmail.com;police officer
250;Catrina;Loleta;Catrina.Loleta@yopmail.com;firefighter
251;Ernesta;Karna;Ernesta.Karna@yopmail.com;police officer
252;Dominga;Malina;Dominga.Malina@yopmail.com;developer
253;Barbara;Glenden;Barbara.Glenden@yopmail.com;developer
254;Olivette;Brotherson;Olivette.Brotherson@yopmail.com;worker
255;Raina;Khorma;Raina.Khorma@yopmail.com;police officer
256;Cherilyn;Tamar;Cherilyn.Tamar@yopmail.com;worker
257;Candi;Mendez;Candi.Mendez@yopmail.com;developer
258;Paola;Ambrosia;Paola.Ambrosia@yopmail.com;firefighter
259;Dolli;Valoniah;Dolli.Valoniah@yopmail.com;worker
260;Melina;Devlen;Melina.Devlen@yopmail.com;police officer
261;Anica;Pyle;Anica.Pyle@yopmail.com;worker
262;Rochette;Breed;Rochette.Breed@yopmail.com;firefighter
263;Atlanta;Aldric;Atlanta.Aldric@yopmail.com;firefighter
264;Sibella;Mendez;Sibella.Mendez@yopmail.com;doctor
265;Mara;Lorenz;Mara.Lorenz@yopmail.com;developer
266;Blinni;Oriana;Blinni.Oriana@yopmail.com;doctor
267;Adele;Denis;Adele.Denis@yopmail.com;firefighter
268;Cristabel;Stephie;Cristabel.Stephie@yopmail.com;police officer
269;Meriel;Kellby;Meriel.Kellby@yopmail.com;firefighter
270;Beatriz;Brackely;Beatriz.Brackely@yopmail.com;worker
271;Aurelie;Maxi;Aurelie.Maxi@yopmail.com;doctor
272;Verla;Gaal;Verla.Gaal@yopmail.com;doctor
273;Jemie;Morehouse;Jemie.Morehouse@yopmail.com;worker
274;Merrie;Lytton;Merrie.Lytton@yopmail.com;firefighter
275;Cyndie;Yerkovich;Cyndie.Yerkovich@yopmail.com;doctor
276;Merry;Pierette;Merry.Pierette@yopmail.com;developer
277;Annecorinne;Toni;Annecorinne.Toni@yopmail.com;firefighter
278;Jessy;Bibi;Jessy.Bibi@yopmail.com;firefighter
279;Sidoney;Schalles;Sidoney.Schalles@yopmail.com;firefighter
280;Natka;Hunfredo;Natka.Hunfredo@yopmail.com;firefighter
281;Valera;Erskine;Valera.Erskine@yopmail.com;worker
282;Theodora;Lewes;Theodora.Lewes@yopmail.com;doctor
283;Cassondra;Vernier;Cassondra.Vernier@yopmail.com;doctor
284;Nollie;Fulmer;Nollie.Fulmer@yopmail.com;doctor
285;Merle;Yorick;Merle.Yorick@yopmail.com;police officer
286;Dotty;Genna;Dotty.Genna@yopmail.com;worker
287;Meg;Goddard;Meg.Goddard@yopmail.com;doctor
288;Marnia;Loleta;Marnia.Loleta@yopmail.com;worker
289;Jean;Philipp;Jean.Philipp@yopmail.com;firefighter
290;Jemie;Pelagias;Jemie.Pelagias@yopmail.com;doctor
291;Berta;Greenwald;Berta.Greenwald@yopmail.com;worker
292;Trudie;Christine;Trudie.Christine@yopmail.com;police officer
293;Minda;Felecia;Minda.Felecia@yopmail.com;worker
294;Jolyn;Verger;Jolyn.Verger@yopmail.com;police officer
295;Bee;Cottle;Bee.Cottle@yopmail.com;firefighter
296;Etta;Earlie;Etta.Earlie@yopmail.com;doctor
297;Rosanne;Adore;Rosanne.Adore@yopmail.com;developer
298;Elena;LaRue;Elena.LaRue@yopmail.com;developer
299;Chandra;Maiah;Chandra.Maiah@yopmail.com;developer
300;Wanda;Richers;Wanda.Richers@yopmail.com;police officer
301;Stacey;Marcellus;Stacey.Marcellus@yopmail.com;developer
302;Olivette;Rooney;Olivette.Rooney@yopmail.com;worker
303;Stevana;Millda;Stevana.Millda@yopmail.com;developer
304;Viki;Azeria;Viki.Azeria@yopmail.com;doctor
305;Wendi;Anis;Wendi.Anis@yopmail.com;developer
306;Cathyleen;Gahl;Cathyleen.Gahl@yopmail.com;doctor
307;Kylynn;Valerio;Kylynn.Valerio@yopmail.com;doctor
308;Cherilyn;Herrera;Cherilyn.Herrera@yopmail.com;police officer
309;Daphne;Screens;Daphne.Screens@yopmail.com;developer
310;Bibby;Magnolia;Bibby.Magnolia@yopmail.com;firefighter
311;Estell;Grimbly;Estell.Grimbly@yopmail.com;developer
312;Cathie;Eno;Cathie.Eno@yopmail.com;firefighter
313;Kore;Odysseus;Kore.Odysseus@yopmail.com;police officer
314;Rosaline;Tarrant;Rosaline.Tarrant@yopmail.com;firefighter
315;Gilda;Zachary;Gilda.Zachary@yopmail.com;doctor
316;Brana;McNully;Brana.McNully@yopmail.com;doctor
317;Theodora;Stav;Theodora.Stav@yopmail.com;doctor
318;Genovera;Aurelio;Genovera.Aurelio@yopmail.com;worker
319;Dagmar;Elbertina;Dagmar.Elbertina@yopmail.com;developer
320;Deedee;McNully;Deedee.McNully@yopmail.com;worker
321;Danny;Diann;Danny.Diann@yopmail.com;worker
322;Demetris;Zeeba;Demetris.Zeeba@yopmail.com;developer
323;Goldie;Jacinda;Goldie.Jacinda@yopmail.com;firefighter
324;Jemie;Orpah;Jemie.Orpah@yopmail.com;police officer
325;Tiffie;Germann;Tiffie.Germann@yopmail.com;worker
326;Doro;Buttaro;Doro.Buttaro@yopmail.com;developer
327;Lisette;Ackerley;Lisette.Ackerley@yopmail.com;worker
328;Rani;Cimbura;Rani.Cimbura@yopmail.com;worker
329;Jere;Tjon;Jere.Tjon@yopmail.com;developer
330;Caressa;Honoria;Caressa.Honoria@yopmail.com;police officer
331;Tersina;Blisse;Tersina.Blisse@yopmail.com;doctor
332;Suzette;O'Rourke;Suzette.O'Rourke@yopmail.com;worker
333;Jaclyn;Kannry;Jaclyn.Kannry@yopmail.com;developer
334;Mariele;Loring;Mariele.Loring@yopmail.com;worker
335;Katuscha;Noelyn;Katuscha.Noelyn@yopmail.com;worker
336;Madalyn;Claudine;Madalyn.Claudine@yopmail.com;developer
337;Rivalee;Blase;Rivalee.Blase@yopmail.com;firefighter
338;Hollie;Miru;Hollie.Miru@yopmail.com;firefighter
339;Amelia;Lory;Amelia.Lory@yopmail.com;firefighter
340;Chere;Dosia;Chere.Dosia@yopmail.com;firefighter
341;Marnia;Milson;Marnia.Milson@yopmail.com;doctor
342;Julieta;Janith;Julieta.Janith@yopmail.com;firefighter
343;Gaylene;Brieta;Gaylene.Brieta@yopmail.com;developer
344;Ashlee;Macey;Ashlee.Macey@yopmail.com;worker
345;Celisse;Boycey;Celisse.Boycey@yopmail.com;firefighter
346;Tina;Tiffa;Tina.Tiffa@yopmail.com;police officer
347;Glenda;Ade;Glenda.Ade@yopmail.com;firefighter
348;Ethel;Saint;Ethel.Saint@yopmail.com;worker
349;Cordi;Allare;Cordi.Allare@yopmail.com;worker
350;Sidoney;Muriel;Sidoney.Muriel@yopmail.com;developer
351;Margette;Phaidra;Margette.Phaidra@yopmail.com;police officer
352;Fred;Lasley;Fred.Lasley@yopmail.com;developer
353;Krystle;Alisia;Krystle.Alisia@yopmail.com;worker
354;Jolyn;Decato;Jolyn.Decato@yopmail.com;firefighter
355;Latisha;Carvey;Latisha.Carvey@yopmail.com;firefighter
356;Kirbee;Wiener;Kirbee.Wiener@yopmail.com;firefighter
357;Sybille;Michella;Sybille.Michella@yopmail.com;developer
358;Gilda;Septima;Gilda.Septima@yopmail.com;doctor
359;Sissy;Ehrman;Sissy.Ehrman@yopmail.com;developer
360;Gerrie;Seligman;Gerrie.Seligman@yopmail.com;worker
361;Cathyleen;Cullin;Cathyleen.Cullin@yopmail.com;doctor
362;Karena;Munn;Karena.Munn@yopmail.com;developer
363;Jenilee;Ellerey;Jenilee.Ellerey@yopmail.com;doctor
364;Raquela;Delila;Raquela.Delila@yopmail.com;worker
365;Stephanie;Primalia;Stephanie.Primalia@yopmail.com;firefighter
366;Dawn;Guthrie;Dawn.Guthrie@yopmail.com;police officer
367;Corene;Bigner;Corene.Bigner@yopmail.com;doctor
368;Lauryn;Anselmi;Lauryn.Anselmi@yopmail.com;police officer
369;Kalina;Millda;Kalina.Millda@yopmail.com;police officer
370;Mary;Curren;Mary.Curren@yopmail.com;police officer
371;Kassey;Bendick;Kassey.Bendick@yopmail.com;developer
372;Marylou;Gibbeon;Marylou.Gibbeon@yopmail.com;firefighter
373;Andree;Japeth;Andree.Japeth@yopmail.com;firefighter
374;Barbi;Merriott;Barbi.Merriott@yopmail.com;doctor
375;Marjie;Holtz;Marjie.Holtz@yopmail.com;police officer
376;Bettine;Stevy;Bettine.Stevy@yopmail.com;doctor
377;Siana;Blisse;Siana.Blisse@yopmail.com;developer
378;Feliza;Lewes;Feliza.Lewes@yopmail.com;doctor
379;Sallie;Sperling;Sallie.Sperling@yopmail.com;developer
380;Jsandye;Creamer;Jsandye.Creamer@yopmail.com;firefighter
381;Nannie;Sikorski;Nannie.Sikorski@yopmail.com;firefighter
382;Carol-Jean;Cyrie;Carol-Jean.Cyrie@yopmail.com;doctor
383;Norine;Gusella;Norine.Gusella@yopmail.com;developer
384;Danny;Ardeha;Danny.Ardeha@yopmail.com;doctor
385;Reeba;Mauer;Reeba.Mauer@yopmail.com;firefighter
386;Cherrita;Blake;Cherrita.Blake@yopmail.com;worker
387;Alia;Winthorpe;Alia.Winthorpe@yopmail.com;doctor
388;Letizia;Ellord;Letizia.Ellord@yopmail.com;worker
389;Cecile;Ahab;Cecile.Ahab@yopmail.com;worker
390;Karolina;Braun;Karolina.Braun@yopmail.com;developer
391;Helsa;Alfons;Helsa.Alfons@yopmail.com;doctor
392;Jsandye;Margret;Jsandye.Margret@yopmail.com;worker
393;Ermengarde;Gemini;Ermengarde.Gemini@yopmail.com;firefighter
394;Latisha;Graig;Latisha.Graig@yopmail.com;doctor
395;Raf;Uird;Raf.Uird@yopmail.com;police officer
396;Lexine;Roche;Lexine.Roche@yopmail.com;firefighter
397;Carree;Lalitta;Carree.Lalitta@yopmail.com;doctor
398;Dagmar;Sothena;Dagmar.Sothena@yopmail.com;doctor
399;Annecorinne;Fontana;Annecorinne.Fontana@yopmail.com;doctor
400;Brooks;Oster;Brooks.Oster@yopmail.com;worker
401;Aubrie;Pond;Aubrie.Pond@yopmail.com;developer
402;Dotty;Fitzsimmons;Dotty.Fitzsimmons@yopmail.com;doctor
403;Drucie;Lutero;Drucie.Lutero@yopmail.com;firefighter
404;Kerrin;Celestine;Kerrin.Celestine@yopmail.com;doctor
405;Sam;Tamsky;Sam.Tamsky@yopmail.com;worker
406;Harmonia;Gale;Harmonia.Gale@yopmail.com;developer
407;Rayna;Remmer;Rayna.Remmer@yopmail.com;police officer
408;Viviene;Kendrick;Viviene.Kendrick@yopmail.com;firefighter
409;Korrie;Oscar;Korrie.Oscar@yopmail.com;developer
410;Shirlee;Felizio;Shirlee.Felizio@yopmail.com;developer
411;Ulrike;Santoro;Ulrike.Santoro@yopmail.com;developer
412;Cathie;Juliet;Cathie.Juliet@yopmail.com;doctor
413;Corly;Peti;Corly.Peti@yopmail.com;firefighter
414;Correy;Hortensia;Correy.Hortensia@yopmail.com;police officer
415;Lauryn;Michella;Lauryn.Michella@yopmail.com;police officer
416;Jacquetta;Barbey;Jacquetta.Barbey@yopmail.com;worker
417;Caressa;Felizio;Caressa.Felizio@yopmail.com;developer
418;Maurene;Sherrie;Maurene.Sherrie@yopmail.com;worker
419;Ida;Christine;Ida.Christine@yopmail.com;doctor
420;Frances;Tyson;Frances.Tyson@yopmail.com;developer
421;Darlleen;Margarete;Darlleen.Margarete@yopmail.com;firefighter
422;Ottilie;Bryna;Ottilie.Bryna@yopmail.com;police officer
423;Tabbatha;Jary;Tabbatha.Jary@yopmail.com;developer
424;Candi;Land;Candi.Land@yopmail.com;firefighter
425;Kaja;Loleta;Kaja.Loleta@yopmail.com;firefighter
426;Jackie;Codding;Jackie.Codding@yopmail.com;worker
427;Margalo;Kronfeld;Margalo.Kronfeld@yopmail.com;developer
428;Genovera;Genna;Genovera.Genna@yopmail.com;developer
429;Lexine;Rocray;Lexine.Rocray@yopmail.com;doctor
430;Nerta;Richers;Nerta.Richers@yopmail.com;firefighter
431;Latisha;Meli;Latisha.Meli@yopmail.com;firefighter
432;Gerianna;Karylin;Gerianna.Karylin@yopmail.com;police officer
433;Livvyy;MacIntosh;Livvyy.MacIntosh@yopmail.com;doctor
434;Concettina;Rosette;Concettina.Rosette@yopmail.com;police officer
435;Ottilie;Tound;Ottilie.Tound@yopmail.com;firefighter
436;Ninnetta;Elisha;Ninnetta.Elisha@yopmail.com;firefighter
437;Marika;Wilkinson;Marika.Wilkinson@yopmail.com;police officer
438;Cherrita;Hachmin;Cherrita.Hachmin@yopmail.com;developer
439;Oona;Nea;Oona.Nea@yopmail.com;firefighter
440;Wilma;Kazimir;Wilma.Kazimir@yopmail.com;developer
441;Odessa;Lilas;Odessa.Lilas@yopmail.com;police officer
442;Corly;Kevon;Corly.Kevon@yopmail.com;firefighter
443;Elsie;Tacye;Elsie.Tacye@yopmail.com;developer
444;Lonnie;Lareena;Lonnie.Lareena@yopmail.com;police officer
445;Ardenia;Tannie;Ardenia.Tannie@yopmail.com;developer
446;Lynnea;Anderea;Lynnea.Anderea@yopmail.com;doctor
447;Lexine;Ax;Lexine.Ax@yopmail.com;doctor
448;Kerrin;Camden;Kerrin.Camden@yopmail.com;firefighter
449;Mariele;Cecile;Mariele.Cecile@yopmail.com;firefighter
450;Addia;Goddard;Addia.Goddard@yopmail.com;worker
451;Annora;Briney;Annora.Briney@yopmail.com;firefighter
452;Dale;Trinetta;Dale.Trinetta@yopmail.com;developer
453;Paola;Paine;Paola.Paine@yopmail.com;worker
454;Corina;Waldron;Corina.Waldron@yopmail.com;developer
455;Lisette;Juan;Lisette.Juan@yopmail.com;doctor
456;Sandie;Cleo;Sandie.Cleo@yopmail.com;firefighter
457;Bee;Alexandr;Bee.Alexandr@yopmail.com;police officer
458;Oona;Dermott;Oona.Dermott@yopmail.com;police officer
459;Arlena;Latini;Arlena.Latini@yopmail.com;developer
460;Aili;Thad;Aili.Thad@yopmail.com;firefighter
461;Renie;Stevy;Renie.Stevy@yopmail.com;doctor
462;Peri;Seligman;Peri.Seligman@yopmail.com;doctor
463;Rochette;Cottle;Rochette.Cottle@yopmail.com;worker
464;Damaris;Ackerley;Damaris.Ackerley@yopmail.com;police officer
465;Kristina;Denis;Kristina.Denis@yopmail.com;firefighter
466;Ilse;Edee;Ilse.Edee@yopmail.com;worker
467;Brena;Engdahl;Brena.Engdahl@yopmail.com;worker
468;Corene;Sundin;Corene.Sundin@yopmail.com;doctor
469;Maud;Ardra;Maud.Ardra@yopmail.com;developer
470;Starla;Hilbert;Starla.Hilbert@yopmail.com;developer
471;Madelle;Vernier;Madelle.Vernier@yopmail.com;worker
472;Elka;Ludewig;Elka.Ludewig@yopmail.com;developer
473;Liana;Claudine;Liana.Claudine@yopmail.com;firefighter
474;Mallory;Friede;Mallory.Friede@yopmail.com;developer
475;Thalia;Edison;Thalia.Edison@yopmail.com;firefighter
476;Darlleen;Marden;Darlleen.Marden@yopmail.com;developer
477;Lonnie;Pandolfi;Lonnie.Pandolfi@yopmail.com;doctor
478;Camile;Romelda;Camile.Romelda@yopmail.com;firefighter
479;Olwen;Pyle;Olwen.Pyle@yopmail.com;firefighter
480;Carlie;Sholley;Carlie.Sholley@yopmail.com;worker
481;Asia;Greyson;Asia.Greyson@yopmail.com;police officer
482;Lila;Chinua;Lila.Chinua@yopmail.com;doctor
483;Lila;Taam;Lila.Taam@yopmail.com;doctor
484;Aimil;Cornelia;Aimil.Cornelia@yopmail.com;police officer
485;Sophia;Jena;Sophia.Jena@yopmail.com;firefighter
486;Sharlene;Mallon;Sharlene.Mallon@yopmail.com;firefighter
487;Nariko;Demitria;Nariko.Demitria@yopmail.com;developer
488;Aryn;Libna;Aryn.Libna@yopmail.com;firefighter
489;Ivett;Vale;Ivett.Vale@yopmail.com;firefighter
490;Janeczka;Iaverne;Janeczka.Iaverne@yopmail.com;doctor
491;Georgina;Barney;Georgina.Barney@yopmail.com;worker
492;Lucy;Rocray;Lucy.Rocray@yopmail.com;doctor
493;Mady;Thornburg;Mady.Thornburg@yopmail.com;worker
494;Tiffie;Palocz;Tiffie.Palocz@yopmail.com;police officer
495;Priscilla;Noelyn;Priscilla.Noelyn@yopmail.com;developer
496;Anica;Tamsky;Anica.Tamsky@yopmail.com;worker
497;Cristine;Bari;Cristine.Bari@yopmail.com;developer
498;Melodie;Leifeste;Melodie.Leifeste@yopmail.com;worker
499;Johna;Stevy;Johna.Stevy@yopmail.com;worker
500;Tersina;Suanne;Tersina.Suanne@yopmail.com;firefighter
501;Selia;Adalbert;Selia.Adalbert@yopmail.com;worker
502;Larine;Bibi;Larine.Bibi@yopmail.com;firefighter
503;Ivett;My;Ivett.My@yopmail.com;doctor
504;Julieta;Harned;Julieta.Harned@yopmail.com;firefighter
505;Marcy;Sharl;Marcy.Sharl@yopmail.com;police officer
506;Neila;Vary;Neila.Vary@yopmail.com;doctor
507;Lisette;Kelula;Lisette.Kelula@yopmail.com;developer
508;Cristabel;Alwin;Cristabel.Alwin@yopmail.com;doctor
509;Ida;Jess;Ida.Jess@yopmail.com;worker
510;Gusella;Tyson;Gusella.Tyson@yopmail.com;police officer
511;Gerianna;Thad;Gerianna.Thad@yopmail.com;doctor
512;Larine;Taam;Larine.Taam@yopmail.com;developer
513;Lyssa;Kesley;Lyssa.Kesley@yopmail.com;police officer
514;Tracey;Callista;Tracey.Callista@yopmail.com;developer
515;Clementine;Kauppi;Clementine.Kauppi@yopmail.com;doctor
516;Tracey;Syd;Tracey.Syd@yopmail.com;worker
517;Theodora;Duwalt;Theodora.Duwalt@yopmail.com;police officer
518;Ernesta;Taima;Ernesta.Taima@yopmail.com;firefighter
519;Anallese;Ramona;Anallese.Ramona@yopmail.com;doctor
520;Reeba;Ethban;Reeba.Ethban@yopmail.com;firefighter
521;Teriann;Firmin;Teriann.Firmin@yopmail.com;worker
522;Elvira;Orpah;Elvira.Orpah@yopmail.com;developer
523;Candi;Fiester;Candi.Fiester@yopmail.com;worker
524;Kary;Adlare;Kary.Adlare@yopmail.com;doctor
525;Carol-Jean;Hilbert;Carol-Jean.Hilbert@yopmail.com;police officer
526;Vanessa;Primalia;Vanessa.Primalia@yopmail.com;worker
527;Alameda;Parsaye;Alameda.Parsaye@yopmail.com;police officer
528;Chrystel;Daegal;Chrystel.Daegal@yopmail.com;doctor
529;Charlena;Middleton;Charlena.Middleton@yopmail.com;firefighter
530;Liana;Helve;Liana.Helve@yopmail.com;police officer
531;Lorne;Harned;Lorne.Harned@yopmail.com;firefighter
532;Talya;Noam;Talya.Noam@yopmail.com;firefighter
533;Christy;Maxi;Christy.Maxi@yopmail.com;developer
534;Siana;Deny;Siana.Deny@yopmail.com;firefighter
535;Iseabal;Rozanna;Iseabal.Rozanna@yopmail.com;worker
536;Ileana;Berne;Ileana.Berne@yopmail.com;police officer
537;Henriette;Fitzsimmons;Henriette.Fitzsimmons@yopmail.com;firefighter
538;Wynne;Kazimir;Wynne.Kazimir@yopmail.com;firefighter
539;Teriann;Myrilla;Teriann.Myrilla@yopmail.com;worker
540;Nananne;Bethany;Nananne.Bethany@yopmail.com;police officer
541;Feliza;Urania;Feliza.Urania@yopmail.com;doctor
542;Trixi;Regan;Trixi.Regan@yopmail.com;police officer
543;Lita;Jillane;Lita.Jillane@yopmail.com;worker
544;Marylou;Sidonius;Marylou.Sidonius@yopmail.com;police officer
545;Veda;Papageno;Veda.Papageno@yopmail.com;doctor
546;Paule;Ludewig;Paule.Ludewig@yopmail.com;doctor
547;Ruthe;Burkle;Ruthe.Burkle@yopmail.com;developer
548;Blake;Luhe;Blake.Luhe@yopmail.com;doctor
549;Bernardine;Ietta;Bernardine.Ietta@yopmail.com;police officer
550;Edee;Burch;Edee.Burch@yopmail.com;doctor
551;Agathe;LaRue;Agathe.LaRue@yopmail.com;police officer
552;Genovera;Himelman;Genovera.Himelman@yopmail.com;police officer
553;Konstance;Toffic;Konstance.Toffic@yopmail.com;firefighter
554;Siana;Stefa;Siana.Stefa@yopmail.com;doctor
555;Cordi;Connelly;Cordi.Connelly@yopmail.com;doctor
556;Karina;Dunkin;Karina.Dunkin@yopmail.com;developer
557;Barbi;Peg;Barbi.Peg@yopmail.com;firefighter
558;Louella;Howlyn;Louella.Howlyn@yopmail.com;developer
559;Ebonee;Sawtelle;Ebonee.Sawtelle@yopmail.com;firefighter
560;Lila;Malina;Lila.Malina@yopmail.com;developer
561;Diena;Vharat;Diena.Vharat@yopmail.com;developer
562;Genevra;Hewitt;Genevra.Hewitt@yopmail.com;worker
563;Romona;Cutlerr;Romona.Cutlerr@yopmail.com;developer
564;Nyssa;Brenn;Nyssa.Brenn@yopmail.com;worker
565;Aurelie;Sophronia;Aurelie.Sophronia@yopmail.com;firefighter
566;Zsa Zsa;Greyson;Zsa Zsa.Greyson@yopmail.com;developer
567;Meriel;Gwenore;Meriel.Gwenore@yopmail.com;police officer
568;Marika;Lilas;Marika.Lilas@yopmail.com;doctor
569;Leontine;Agle;Leontine.Agle@yopmail.com;worker
570;Konstance;Nester;Konstance.Nester@yopmail.com;police officer
571;Roxane;Nance;Roxane.Nance@yopmail.com;worker
572;Audrie;Kravits;Audrie.Kravits@yopmail.com;doctor
573;Meriel;Niles;Meriel.Niles@yopmail.com;firefighter
574;Mary;Glenden;Mary.Glenden@yopmail.com;developer
575;Kenna;Percy;Kenna.Percy@yopmail.com;police officer
576;Yetty;Yorick;Yetty.Yorick@yopmail.com;doctor
577;Daune;Ummersen;Daune.Ummersen@yopmail.com;firefighter
578;Clarice;Kendrick;Clarice.Kendrick@yopmail.com;firefighter
579;Selia;Dunkin;Selia.Dunkin@yopmail.com;police officer
580;Flo;Oriana;Flo.Oriana@yopmail.com;firefighter
581;Marleah;Diogenes;Marleah.Diogenes@yopmail.com;worker
582;Paola;Stacy;Paola.Stacy@yopmail.com;worker
583;Dari;Iaverne;Dari.Iaverne@yopmail.com;worker
584;Celisse;Jalbert;Celisse.Jalbert@yopmail.com;doctor
585;Barbi;Jacobah;Barbi.Jacobah@yopmail.com;worker
586;Maridel;Drus;Maridel.Drus@yopmail.com;firefighter
587;Natka;Jacqui;Natka.Jacqui@yopmail.com;firefighter
588;Molli;Thar;Molli.Thar@yopmail.com;doctor
589;Stacey;Saint;Stacey.Saint@yopmail.com;developer
590;Jorry;Tybald;Jorry.Tybald@yopmail.com;firefighter
591;Millie;Seessel;Millie.Seessel@yopmail.com;police officer
592;Tobe;Gamaliel;Tobe.Gamaliel@yopmail.com;doctor
593;Dagmar;Suanne;Dagmar.Suanne@yopmail.com;worker
594;Gale;An;Gale.An@yopmail.com;doctor
595;Lelah;Hieronymus;Lelah.Hieronymus@yopmail.com;doctor
596;Cassandra;Bashemeth;Cassandra.Bashemeth@yopmail.com;police officer
597;Celisse;Jehu;Celisse.Jehu@yopmail.com;firefighter
598;Damaris;Narton;Damaris.Narton@yopmail.com;firefighter
599;Nerta;Douglass;Nerta.Douglass@yopmail.com;police officer
600;Minda;Naashom;Minda.Naashom@yopmail.com;police officer
601;Beverley;Eldrid;Beverley.Eldrid@yopmail.com;developer
602;Renae;Vorster;Renae.Vorster@yopmail.com;developer
603;Elie;Ioab;Elie.Ioab@yopmail.com;worker
604;Kore;Hourigan;Kore.Hourigan@yopmail.com;developer
605;Carree;Camden;Carree.Camden@yopmail.com;firefighter
606;Camile;Fiester;Camile.Fiester@yopmail.com;worker
607;Adriana;Blase;Adriana.Blase@yopmail.com;developer
608;Janenna;Therine;Janenna.Therine@yopmail.com;developer
609;Teriann;Merna;Teriann.Merna@yopmail.com;worker
610;Zsa Zsa;Noman;Zsa Zsa.Noman@yopmail.com;firefighter
611;Genovera;Othilia;Genovera.Othilia@yopmail.com;doctor
612;Theodora;Mendez;Theodora.Mendez@yopmail.com;police officer
613;Gilligan;Joeann;Gilligan.Joeann@yopmail.com;worker
614;Ketti;Bennie;Ketti.Bennie@yopmail.com;worker
615;Brynna;Greyson;Brynna.Greyson@yopmail.com;firefighter
616;Carmela;Engdahl;Carmela.Engdahl@yopmail.com;developer
617;Madalyn;Oster;Madalyn.Oster@yopmail.com;doctor
618;Shaylyn;Phaidra;Shaylyn.Phaidra@yopmail.com;police officer
619;Mildrid;Izaak;Mildrid.Izaak@yopmail.com;doctor
620;Lesly;Diann;Lesly.Diann@yopmail.com;developer
621;Lacie;Lorain;Lacie.Lorain@yopmail.com;worker
622;Delilah;Weitman;Delilah.Weitman@yopmail.com;police officer
623;Sabina;Zetta;Sabina.Zetta@yopmail.com;worker
624;Dulcinea;Urania;Dulcinea.Urania@yopmail.com;worker
625;Maurene;Hilbert;Maurene.Hilbert@yopmail.com;doctor
626;Therine;Tacye;Therine.Tacye@yopmail.com;worker
627;Dawn;Stephie;Dawn.Stephie@yopmail.com;doctor
628;Veda;Turne;Veda.Turne@yopmail.com;police officer
629;Leia;Poppy;Leia.Poppy@yopmail.com;worker
630;Frances;Astra;Frances.Astra@yopmail.com;developer
631;Constance;Diann;Constance.Diann@yopmail.com;worker
632;Mady;Kalinda;Mady.Kalinda@yopmail.com;worker
633;Mignon;Tippets;Mignon.Tippets@yopmail.com;firefighter
634;Anestassia;Lea;Anestassia.Lea@yopmail.com;developer
635;Nelle;Stover;Nelle.Stover@yopmail.com;police officer
636;Dari;Lay;Dari.Lay@yopmail.com;firefighter
637;Dede;Grobe;Dede.Grobe@yopmail.com;doctor
638;Sabina;Atonsah;Sabina.Atonsah@yopmail.com;developer
639;Calla;Evangelia;Calla.Evangelia@yopmail.com;firefighter
640;Ingrid;Medrek;Ingrid.Medrek@yopmail.com;firefighter
641;Fredericka;Tengdin;Fredericka.Tengdin@yopmail.com;worker
642;Tiffie;Zaslow;Tiffie.Zaslow@yopmail.com;doctor
643;Fred;Claudine;Fred.Claudine@yopmail.com;firefighter
644;Cam;Amand;Cam.Amand@yopmail.com;developer
645;Aigneis;Koehler;Aigneis.Koehler@yopmail.com;doctor
646;Kaja;Sacken;Kaja.Sacken@yopmail.com;police officer
647;Gratia;Faro;Gratia.Faro@yopmail.com;worker
648;Ketti;Annabella;Ketti.Annabella@yopmail.com;developer
649;Merle;Secrest;Merle.Secrest@yopmail.com;police officer
650;Brianna;Turne;Brianna.Turne@yopmail.com;developer
651;Concettina;Wattenberg;Concettina.Wattenberg@yopmail.com;police officer
652;Ellette;Dermott;Ellette.Dermott@yopmail.com;developer
653;Carmela;Bultman;Carmela.Bultman@yopmail.com;police officer
654;Gisela;Delacourt;Gisela.Delacourt@yopmail.com;police officer
655;Adriana;Peti;Adriana.Peti@yopmail.com;worker
656;Aurelie;Autrey;Aurelie.Autrey@yopmail.com;firefighter
657;Shandie;Markman;Shandie.Markman@yopmail.com;doctor
658;Tarra;Jehu;Tarra.Jehu@yopmail.com;police officer
659;Edith;Plato;Edith.Plato@yopmail.com;firefighter
660;Peri;Robertson;Peri.Robertson@yopmail.com;police officer
661;Danika;Goerke;Danika.Goerke@yopmail.com;doctor
662;Karly;Harday;Karly.Harday@yopmail.com;police officer
663;Wilma;Hoenack;Wilma.Hoenack@yopmail.com;developer
664;Vere;Winnick;Vere.Winnick@yopmail.com;developer
665;Andeee;Edee;Andeee.Edee@yopmail.com;developer
666;Carly;Narton;Carly.Narton@yopmail.com;doctor
667;Darci;Mehalek;Darci.Mehalek@yopmail.com;police officer
668;Gaylene;Tamsky;Gaylene.Tamsky@yopmail.com;doctor
669;Tomasina;Iiette;Tomasina.Iiette@yopmail.com;police officer
670;Celestyna;Loring;Celestyna.Loring@yopmail.com;police officer
671;Sandie;Ochs;Sandie.Ochs@yopmail.com;developer
672;Tiffie;Belldas;Tiffie.Belldas@yopmail.com;worker
673;Genovera;Llovera;Genovera.Llovera@yopmail.com;doctor
674;Theodora;Madelene;Theodora.Madelene@yopmail.com;developer
675;Annice;Gabrielli;Annice.Gabrielli@yopmail.com;developer
676;Aurelie;Rheingold;Aurelie.Rheingold@yopmail.com;developer
677;Cam;Lasley;Cam.Lasley@yopmail.com;firefighter
678;Laurene;Ulphia;Laurene.Ulphia@yopmail.com;worker
679;Trudie;Bronk;Trudie.Bronk@yopmail.com;doctor
680;Millie;Bow;Millie.Bow@yopmail.com;developer
681;Aaren;Louanna;Aaren.Louanna@yopmail.com;developer
682;Marcelline;Dex;Marcelline.Dex@yopmail.com;developer
683;Christian;Corrine;Christian.Corrine@yopmail.com;firefighter
684;Peri;Rebecka;Peri.Rebecka@yopmail.com;worker
685;Doralynne;Hanleigh;Doralynne.Hanleigh@yopmail.com;firefighter
686;Ethel;Thilda;Ethel.Thilda@yopmail.com;doctor
687;Annecorinne;Lattie;Annecorinne.Lattie@yopmail.com;worker
688;Renie;Drisko;Renie.Drisko@yopmail.com;developer
689;Cathyleen;Belanger;Cathyleen.Belanger@yopmail.com;doctor
690;Constance;Talia;Constance.Talia@yopmail.com;firefighter
691;Pollyanna;Lunsford;Pollyanna.Lunsford@yopmail.com;doctor
692;Jenda;Bates;Jenda.Bates@yopmail.com;worker
693;Lulita;Middleton;Lulita.Middleton@yopmail.com;doctor
694;Modestia;Clara;Modestia.Clara@yopmail.com;developer
695;Nollie;Laurianne;Nollie.Laurianne@yopmail.com;developer
696;Hollie;Colbert;Hollie.Colbert@yopmail.com;firefighter
697;Hettie;Bivins;Hettie.Bivins@yopmail.com;developer
698;Tracey;Brandice;Tracey.Brandice@yopmail.com;worker
699;Brynna;Gerge;Brynna.Gerge@yopmail.com;firefighter
700;Willetta;Stoller;Willetta.Stoller@yopmail.com;firefighter
701;Lizzie;Middleton;Lizzie.Middleton@yopmail.com;worker
702;Joane;Birdella;Joane.Birdella@yopmail.com;doctor
703;Tera;Durware;Tera.Durware@yopmail.com;developer
704;Jan;Peonir;Jan.Peonir@yopmail.com;developer
705;Tierney;Berl;Tierney.Berl@yopmail.com;police officer
706;Ninnetta;Toffic;Ninnetta.Toffic@yopmail.com;developer
707;Nicoli;Jotham;Nicoli.Jotham@yopmail.com;developer
708;Dorthy;Nisbet;Dorthy.Nisbet@yopmail.com;developer
709;Blinni;Cloris;Blinni.Cloris@yopmail.com;doctor
710;Bill;Rooney;Bill.Rooney@yopmail.com;worker
711;Britte;Screens;Britte.Screens@yopmail.com;firefighter
712;Paule;Martsen;Paule.Martsen@yopmail.com;developer
713;Janenna;Jena;Janenna.Jena@yopmail.com;doctor
714;Oona;Melony;Oona.Melony@yopmail.com;developer
715;Ardeen;Fry;Ardeen.Fry@yopmail.com;doctor
716;Adriana;Meter;Adriana.Meter@yopmail.com;firefighter
717;Dennie;Kenney;Dennie.Kenney@yopmail.com;doctor
718;Helena;Fink;Helena.Fink@yopmail.com;police officer
719;Tatiania;Seagraves;Tatiania.Seagraves@yopmail.com;police officer
720;Tina;Aldric;Tina.Aldric@yopmail.com;firefighter
721;Marylou;Beniamino;Marylou.Beniamino@yopmail.com;police officer
722;Ana;Rudolph;Ana.Rudolph@yopmail.com;doctor
723;Justinn;Morehouse;Justinn.Morehouse@yopmail.com;developer
724;Vanessa;Brady;Vanessa.Brady@yopmail.com;worker
725;Micheline;Danby;Micheline.Danby@yopmail.com;developer
726;Tracey;Reneta;Tracey.Reneta@yopmail.com;police officer
727;Wilma;Natalia;Wilma.Natalia@yopmail.com;doctor
728;Eugine;Cadmar;Eugine.Cadmar@yopmail.com;firefighter
729;Sashenka;Karl;Sashenka.Karl@yopmail.com;worker
730;Layla;Marisa;Layla.Marisa@yopmail.com;firefighter
731;Annabela;Travax;Annabela.Travax@yopmail.com;worker
732;Cassandra;Kellby;Cassandra.Kellby@yopmail.com;doctor
733;Sophia;Dudley;Sophia.Dudley@yopmail.com;police officer
734;Eadie;Hilbert;Eadie.Hilbert@yopmail.com;police officer
735;Estell;Magnolia;Estell.Magnolia@yopmail.com;doctor
736;Tybie;Diann;Tybie.Diann@yopmail.com;police officer
737;Netty;Jena;Netty.Jena@yopmail.com;police officer
738;Marguerite;Brodench;Marguerite.Brodench@yopmail.com;doctor
739;Fernande;Arne;Fernande.Arne@yopmail.com;police officer
740;Sharai;Garek;Sharai.Garek@yopmail.com;police officer
741;Bernardine;Ramona;Bernardine.Ramona@yopmail.com;worker
742;Genevra;Raseda;Genevra.Raseda@yopmail.com;worker
743;Arlena;Yusuk;Arlena.Yusuk@yopmail.com;firefighter
744;Berta;Leler;Berta.Leler@yopmail.com;doctor
745;Antonietta;Himelman;Antonietta.Himelman@yopmail.com;doctor
746;Caritta;Hartnett;Caritta.Hartnett@yopmail.com;worker
747;Jasmina;Doig;Jasmina.Doig@yopmail.com;police officer
748;Anestassia;Sundin;Anestassia.Sundin@yopmail.com;doctor
749;Kerrin;Johnsson;Kerrin.Johnsson@yopmail.com;developer
750;Mary;Donoghue;Mary.Donoghue@yopmail.com;worker
751;Drucie;Regan;Drucie.Regan@yopmail.com;doctor
752;Moyna;Knowling;Moyna.Knowling@yopmail.com;firefighter
753;Clo;Publia;Clo.Publia@yopmail.com;police officer
754;Florencia;Thomasina;Florencia.Thomasina@yopmail.com;doctor
755;Jacquetta;Hilbert;Jacquetta.Hilbert@yopmail.com;police officer
756;Kirstin;Maisey;Kirstin.Maisey@yopmail.com;developer
757;Vita;Rozanna;Vita.Rozanna@yopmail.com;doctor
758;Lolita;Denis;Lolita.Denis@yopmail.com;doctor
759;Louella;Garbe;Louella.Garbe@yopmail.com;firefighter
760;Di;Vharat;Di.Vharat@yopmail.com;developer
761;Henriette;Ciro;Henriette.Ciro@yopmail.com;developer
762;Mahalia;Socha;Mahalia.Socha@yopmail.com;developer
763;Gerrie;Karl;Gerrie.Karl@yopmail.com;doctor
764;Tina;Jary;Tina.Jary@yopmail.com;developer
765;Esmeralda;Artie;Esmeralda.Artie@yopmail.com;firefighter
766;Myrtice;Etom;Myrtice.Etom@yopmail.com;worker
767;Cissiee;Bultman;Cissiee.Bultman@yopmail.com;police officer
768;Halette;Gabrielli;Halette.Gabrielli@yopmail.com;doctor
769;Margalo;Lamoree;Margalo.Lamoree@yopmail.com;developer
770;Kittie;Millda;Kittie.Millda@yopmail.com;doctor
771;Glynnis;Jotham;Glynnis.Jotham@yopmail.com;police officer
772;Lory;Paine;Lory.Paine@yopmail.com;firefighter
773;Merle;Dowski;Merle.Dowski@yopmail.com;police officer
774;Demetris;Parette;Demetris.Parette@yopmail.com;worker
775;Joleen;Bebe;Joleen.Bebe@yopmail.com;worker
776;Miquela;Sacken;Miquela.Sacken@yopmail.com;police officer
777;Robbi;Redmond;Robbi.Redmond@yopmail.com;doctor
778;Kimmy;Fennessy;Kimmy.Fennessy@yopmail.com;doctor
779;Almeta;Whiffen;Almeta.Whiffen@yopmail.com;doctor
780;Daune;Lucienne;Daune.Lucienne@yopmail.com;doctor
781;Gale;Ummersen;Gale.Ummersen@yopmail.com;doctor
782;Brianna;Atcliffe;Brianna.Atcliffe@yopmail.com;doctor
783;Joleen;Stilwell;Joleen.Stilwell@yopmail.com;police officer
784;Merrie;Marden;Merrie.Marden@yopmail.com;developer
785;Fernande;Linehan;Fernande.Linehan@yopmail.com;doctor
786;Danny;Nance;Danny.Nance@yopmail.com;doctor
787;Berget;Fontana;Berget.Fontana@yopmail.com;developer
788;Meghann;Pip;Meghann.Pip@yopmail.com;firefighter
789;Libbie;Jerald;Libbie.Jerald@yopmail.com;police officer
790;Nollie;Arquit;Nollie.Arquit@yopmail.com;police officer
791;Lanna;Hirsch;Lanna.Hirsch@yopmail.com;doctor
792;Codie;Guthrie;Codie.Guthrie@yopmail.com;worker
793;Deedee;O'Rourke;Deedee.O'Rourke@yopmail.com;worker
794;Brena;Ciapas;Brena.Ciapas@yopmail.com;firefighter
795;Cissiee;Brieta;Cissiee.Brieta@yopmail.com;developer
796;Mamie;Quinn;Mamie.Quinn@yopmail.com;police officer
797;Vevay;Magdalen;Vevay.Magdalen@yopmail.com;firefighter
798;Ashlee;Shirberg;Ashlee.Shirberg@yopmail.com;developer
799;Debee;Phi;Debee.Phi@yopmail.com;doctor
800;Kittie;Gilbertson;Kittie.Gilbertson@yopmail.com;firefighter
801;Diena;Rogerio;Diena.Rogerio@yopmail.com;doctor
802;Perry;Schlosser;Perry.Schlosser@yopmail.com;police officer
803;Maridel;Alabaster;Maridel.Alabaster@yopmail.com;worker
804;Paulita;Nester;Paulita.Nester@yopmail.com;police officer
805;Clementine;Tice;Clementine.Tice@yopmail.com;police officer
806;Shirlee;Alwin;Shirlee.Alwin@yopmail.com;developer
807;Sheelagh;Raul;Sheelagh.Raul@yopmail.com;firefighter
808;Consuela;MacIntosh;Consuela.MacIntosh@yopmail.com;worker
809;Carlie;Mintz;Carlie.Mintz@yopmail.com;developer
810;Calla;Maiah;Calla.Maiah@yopmail.com;worker
811;Melisent;Melleta;Melisent.Melleta@yopmail.com;police officer
812;Adore;Wolfgram;Adore.Wolfgram@yopmail.com;firefighter
813;Cassandra;Blake;Cassandra.Blake@yopmail.com;firefighter
814;Roz;Sheedy;Roz.Sheedy@yopmail.com;firefighter
815;Harrietta;Naashom;Harrietta.Naashom@yopmail.com;police officer
816;Angela;Aurelio;Angela.Aurelio@yopmail.com;worker
817;Heida;Sigfrid;Heida.Sigfrid@yopmail.com;worker
818;Mureil;Constancy;Mureil.Constancy@yopmail.com;police officer
819;Hettie;Diogenes;Hettie.Diogenes@yopmail.com;doctor
820;Katharina;Merriott;Katharina.Merriott@yopmail.com;developer
821;Shauna;Noelyn;Shauna.Noelyn@yopmail.com;developer
822;Ezmeralda;Dituri;Ezmeralda.Dituri@yopmail.com;developer
823;Lauryn;Mintz;Lauryn.Mintz@yopmail.com;firefighter
824;Shaylyn;Ivens;Shaylyn.Ivens@yopmail.com;worker
825;Jsandye;Douglass;Jsandye.Douglass@yopmail.com;developer
826;Tomasina;Timon;Tomasina.Timon@yopmail.com;police officer
827;Celisse;Nadia;Celisse.Nadia@yopmail.com;doctor
828;Pamella;Warthman;Pamella.Warthman@yopmail.com;police officer
829;Brynna;Peonir;Brynna.Peonir@yopmail.com;worker
830;Elise;Bertold;Elise.Bertold@yopmail.com;developer
831;Frank;Harned;Frank.Harned@yopmail.com;firefighter
832;Christy;Croix;Christy.Croix@yopmail.com;developer
833;Lenna;Marijo;Lenna.Marijo@yopmail.com;police officer
834;Maryellen;Magnolia;Maryellen.Magnolia@yopmail.com;worker
835;Tina;Reidar;Tina.Reidar@yopmail.com;developer
836;Helena;Kress;Helena.Kress@yopmail.com;worker
837;Queenie;Haerr;Queenie.Haerr@yopmail.com;police officer
838;Rori;Mata;Rori.Mata@yopmail.com;worker
839;Addia;Gaynor;Addia.Gaynor@yopmail.com;police officer
840;Meriel;Kravits;Meriel.Kravits@yopmail.com;worker
841;Brianna;Sothena;Brianna.Sothena@yopmail.com;developer
842;Gabriellia;Maryanne;Gabriellia.Maryanne@yopmail.com;developer
843;Jany;Tremayne;Jany.Tremayne@yopmail.com;worker
844;Karolina;Persse;Karolina.Persse@yopmail.com;police officer
845;Sabina;Oscar;Sabina.Oscar@yopmail.com;worker
846;Lenna;Yam;Lenna.Yam@yopmail.com;police officer
847;Aaren;Johnsson;Aaren.Johnsson@yopmail.com;doctor
848;Wilma;Raychel;Wilma.Raychel@yopmail.com;doctor
849;Gianina;Lorenz;Gianina.Lorenz@yopmail.com;doctor
850;Lindie;Autrey;Lindie.Autrey@yopmail.com;developer
851;Yetty;Jehu;Yetty.Jehu@yopmail.com;developer
852;Roseline;Toffic;Roseline.Toffic@yopmail.com;developer
853;Pamella;Azeria;Pamella.Azeria@yopmail.com;police officer
854;Lorie;Byrne;Lorie.Byrne@yopmail.com;firefighter
855;Alexine;Douglass;Alexine.Douglass@yopmail.com;worker
856;Berta;Laurianne;Berta.Laurianne@yopmail.com;worker
857;Kayla;Virgin;Kayla.Virgin@yopmail.com;worker
858;Tatiania;Daniele;Tatiania.Daniele@yopmail.com;firefighter
859;Leeanne;Waite;Leeanne.Waite@yopmail.com;police officer
860;Gertrud;Dyche;Gertrud.Dyche@yopmail.com;police officer
861;Phylis;Mandler;Phylis.Mandler@yopmail.com;doctor
862;Mady;Thilda;Mady.Thilda@yopmail.com;developer
863;Valeda;Junie;Valeda.Junie@yopmail.com;developer
864;Carilyn;Maryanne;Carilyn.Maryanne@yopmail.com;worker
865;Lanna;Briney;Lanna.Briney@yopmail.com;developer
866;Sam;Dahlia;Sam.Dahlia@yopmail.com;police officer
867;Karolina;Edison;Karolina.Edison@yopmail.com;firefighter
868;Hettie;Rolf;Hettie.Rolf@yopmail.com;worker
869;Adele;Euridice;Adele.Euridice@yopmail.com;developer
870;Julieta;Hachmin;Julieta.Hachmin@yopmail.com;developer
871;Chandra;Fadiman;Chandra.Fadiman@yopmail.com;firefighter
872;Celisse;Albertine;Celisse.Albertine@yopmail.com;police officer
873;Teddie;Calhoun;Teddie.Calhoun@yopmail.com;police officer
874;Feliza;Stephie;Feliza.Stephie@yopmail.com;worker
875;Suzette;Delila;Suzette.Delila@yopmail.com;doctor
876;Chere;Stelle;Chere.Stelle@yopmail.com;firefighter
877;Charissa;Corilla;Charissa.Corilla@yopmail.com;doctor
878;Belva;Silvan;Belva.Silvan@yopmail.com;worker
879;Tarra;Buttaro;Tarra.Buttaro@yopmail.com;worker
880;Robinia;Rosalba;Robinia.Rosalba@yopmail.com;police officer
881;Jinny;Allys;Jinny.Allys@yopmail.com;doctor
882;Hallie;Emanuel;Hallie.Emanuel@yopmail.com;worker
883;Zaria;Tacye;Zaria.Tacye@yopmail.com;developer
884;Roxane;Mauer;Roxane.Mauer@yopmail.com;police officer
885;Sybille;Westphal;Sybille.Westphal@yopmail.com;firefighter
886;Romona;Joni;Romona.Joni@yopmail.com;developer
887;Tressa;Kamaria;Tressa.Kamaria@yopmail.com;worker
888;Allis;Colbert;Allis.Colbert@yopmail.com;firefighter
889;Sandie;Brittani;Sandie.Brittani@yopmail.com;police officer
890;Dotty;Destinee;Dotty.Destinee@yopmail.com;police officer
891;Ursulina;Tybald;Ursulina.Tybald@yopmail.com;police officer
892;Mireielle;Sidonius;Mireielle.Sidonius@yopmail.com;worker
893;June;Melony;June.Melony@yopmail.com;police officer
894;Cassandra;Alexandr;Cassandra.Alexandr@yopmail.com;firefighter
895;Camile;Celestine;Camile.Celestine@yopmail.com;worker
896;Pamella;Trey;Pamella.Trey@yopmail.com;police officer
897;Marguerite;MacIntosh;Marguerite.MacIntosh@yopmail.com;doctor
898;Alex;Bow;Alex.Bow@yopmail.com;doctor
899;Inga;Riva;Inga.Riva@yopmail.com;developer
900;Patricia;Richers;Patricia.Richers@yopmail.com;worker
901;Bill;Gilbertson;Bill.Gilbertson@yopmail.com;police officer
902;Xylina;Waite;Xylina.Waite@yopmail.com;doctor
903;Odessa;Bebe;Odessa.Bebe@yopmail.com;doctor
904;Merry;Iaverne;Merry.Iaverne@yopmail.com;police officer
905;Helena;Bevin;Helena.Bevin@yopmail.com;worker
906;Dode;Liebermann;Dode.Liebermann@yopmail.com;doctor
907;Bernardine;Elo;Bernardine.Elo@yopmail.com;doctor
908;Lanna;Anastatius;Lanna.Anastatius@yopmail.com;worker
909;Blondelle;Pip;Blondelle.Pip@yopmail.com;police officer
910;Karlee;Lacombe;Karlee.Lacombe@yopmail.com;firefighter
911;Emylee;Cimbura;Emylee.Cimbura@yopmail.com;firefighter
912;Mamie;Rugen;Mamie.Rugen@yopmail.com;police officer
913;Morganica;Camden;Morganica.Camden@yopmail.com;worker
914;Penelopa;Liebermann;Penelopa.Liebermann@yopmail.com;worker
915;Sabina;Amand;Sabina.Amand@yopmail.com;worker
916;Vanessa;Iiette;Vanessa.Iiette@yopmail.com;developer
917;Teddie;Tillford;Teddie.Tillford@yopmail.com;worker
918;Debee;Smitt;Debee.Smitt@yopmail.com;worker
919;Jan;Maryanne;Jan.Maryanne@yopmail.com;firefighter
920;Daphne;Hartnett;Daphne.Hartnett@yopmail.com;firefighter
921;Madeleine;Noam;Madeleine.Noam@yopmail.com;firefighter
922;Carol-Jean;Seumas;Carol-Jean.Seumas@yopmail.com;developer
923;Ardys;Reinke;Ardys.Reinke@yopmail.com;developer
924;Amara;Arquit;Amara.Arquit@yopmail.com;police officer
925;Charissa;Willie;Charissa.Willie@yopmail.com;police officer
926;Barbi;Radu;Barbi.Radu@yopmail.com;worker
927;Leeanne;Idelia;Leeanne.Idelia@yopmail.com;doctor
928;Odessa;Buttaro;Odessa.Buttaro@yopmail.com;police officer
929;Rani;Dearborn;Rani.Dearborn@yopmail.com;firefighter
930;Harmonia;Socha;Harmonia.Socha@yopmail.com;worker
931;Merle;Hunfredo;Merle.Hunfredo@yopmail.com;worker
932;Madelle;Laurianne;Madelle.Laurianne@yopmail.com;developer
933;Pamella;Auberbach;Pamella.Auberbach@yopmail.com;police officer
934;Nanete;Weide;Nanete.Weide@yopmail.com;developer
935;Flo;Carolin;Flo.Carolin@yopmail.com;firefighter
936;Lolita;Naashom;Lolita.Naashom@yopmail.com;developer
937;Doralynne;Boehike;Doralynne.Boehike@yopmail.com;developer
938;Zondra;Desai;Zondra.Desai@yopmail.com;worker
939;Edith;Madox;Edith.Madox@yopmail.com;developer
940;Roz;Hertzfeld;Roz.Hertzfeld@yopmail.com;police officer
941;Hayley;Narton;Hayley.Narton@yopmail.com;police officer
942;Leona;Lynn;Leona.Lynn@yopmail.com;developer
943;Lucy;Berl;Lucy.Berl@yopmail.com;police officer
944;Barbara;Greyson;Barbara.Greyson@yopmail.com;developer
945;Libbie;Toor;Libbie.Toor@yopmail.com;doctor
946;Jean;Tarrant;Jean.Tarrant@yopmail.com;developer
947;Christy;Thilda;Christy.Thilda@yopmail.com;police officer
948;Lyssa;Urania;Lyssa.Urania@yopmail.com;worker
949;Gretal;Heidt;Gretal.Heidt@yopmail.com;doctor
950;Marcy;Chaing;Marcy.Chaing@yopmail.com;doctor
951;Melodie;O'Rourke;Melodie.O'Rourke@yopmail.com;developer
952;Aimil;Bergman;Aimil.Bergman@yopmail.com;worker
953;Rosabelle;Anastatius;Rosabelle.Anastatius@yopmail.com;firefighter
954;Maridel;Alisia;Maridel.Alisia@yopmail.com;doctor
955;Candy;Haldas;Candy.Haldas@yopmail.com;police officer
956;Barbara;Ardra;Barbara.Ardra@yopmail.com;police officer
957;Willetta;Haldas;Willetta.Haldas@yopmail.com;worker
958;Belinda;Xerxes;Belinda.Xerxes@yopmail.com;doctor
959;Perry;Bohlin;Perry.Bohlin@yopmail.com;police officer
960;Hallie;Monk;Hallie.Monk@yopmail.com;developer
961;Vere;Joli;Vere.Joli@yopmail.com;police officer
962;Ninnetta;Vanni;Ninnetta.Vanni@yopmail.com;worker
963;Melanie;Fabiola;Melanie.Fabiola@yopmail.com;doctor
964;Violet;Chobot;Violet.Chobot@yopmail.com;doctor
965;Celene;Pacorro;Celene.Pacorro@yopmail.com;firefighter
966;Ellette;Urania;Ellette.Urania@yopmail.com;doctor
967;Demetris;Carey;Demetris.Carey@yopmail.com;worker
968;Alia;August;Alia.August@yopmail.com;worker
969;Ulrike;Solitta;Ulrike.Solitta@yopmail.com;police officer
970;Aeriela;Letsou;Aeriela.Letsou@yopmail.com;worker
971;Gwyneth;Plato;Gwyneth.Plato@yopmail.com;doctor
972;Gusella;Saree;Gusella.Saree@yopmail.com;firefighter
973;Consuela;Klotz;Consuela.Klotz@yopmail.com;police officer
974;Bernardine;Aaberg;Bernardine.Aaberg@yopmail.com;firefighter
975;Clary;Gerge;Clary.Gerge@yopmail.com;doctor
976;Cam;Corilla;Cam.Corilla@yopmail.com;doctor
977;Renae;Connelly;Renae.Connelly@yopmail.com;worker
978;Tomasina;Juan;Tomasina.Juan@yopmail.com;worker
979;Hannis;Lattie;Hannis.Lattie@yopmail.com;police officer
980;Rhea;Skell;Rhea.Skell@yopmail.com;police officer
981;Betta;Ochs;Betta.Ochs@yopmail.com;police officer
982;Aaren;Sadowski;Aaren.Sadowski@yopmail.com;developer
983;Teddie;Nunci;Teddie.Nunci@yopmail.com;developer
984;Yolane;Minetta;Yolane.Minetta@yopmail.com;firefighter
985;Orsola;Colbert;Orsola.Colbert@yopmail.com;police officer
986;Romona;Boycey;Romona.Boycey@yopmail.com;developer
987;Johna;Payson;Johna.Payson@yopmail.com;developer
988;Beatriz;Cullin;Beatriz.Cullin@yopmail.com;firefighter
989;Cissiee;Virgin;Cissiee.Virgin@yopmail.com;doctor
990;Juliane;Dunkin;Juliane.Dunkin@yopmail.com;doctor
991;Frieda;Christal;Frieda.Christal@yopmail.com;worker
992;Emilia;Han;Emilia.Han@yopmail.com;developer
993;Nollie;Clywd;Nollie.Clywd@yopmail.com;worker
994;Trudie;Kosey;Trudie.Kosey@yopmail.com;developer
995;Lucy;Leonard;Lucy.Leonard@yopmail.com;firefighter
996;Brietta;Girardo;Brietta.Girardo@yopmail.com;doctor
997;Kristan;Erskine;Kristan.Erskine@yopmail.com;worker
998;Jorry;Alfons;Jorry.Alfons@yopmail.com;worker
999;Mathilda;Halla;Mathilda.Halla@yopmail.com;firefighter
1000;Joeann;Arvo;Joeann.Arvo@yopmail.com;police officer
1001;Odessa;Dulciana;Odessa.Dulciana@yopmail.com;doctor
1002;Edee;Parsaye;Edee.Parsaye@yopmail.com;doctor
1003;Leona;Toni;Leona.Toni@yopmail.com;developer
1004;Lory;Maroney;Lory.Maroney@yopmail.com;worker
1005;Nelle;Yuille;Nelle.Yuille@yopmail.com;worker
1006;Margette;Carvey;Margette.Carvey@yopmail.com;doctor
1007;Aryn;Capello;Aryn.Capello@yopmail.com;developer
1008;Willetta;Miru;Willetta.Miru@yopmail.com;police officer
1009;Sheelagh;Percy;Sheelagh.Percy@yopmail.com;worker
1010;Roxane;Millda;Roxane.Millda@yopmail.com;worker
1011;Viviene;Erb;Viviene.Erb@yopmail.com;firefighter
1012;Riannon;Cloris;Riannon.Cloris@yopmail.com;firefighter
1013;Melisent;Myrilla;Melisent.Myrilla@yopmail.com;police officer
1014;Demetris;McClimans;Demetris.McClimans@yopmail.com;doctor
1015;Gerrie;Gladstone;Gerrie.Gladstone@yopmail.com;doctor
1016;Ofilia;Grayce;Ofilia.Grayce@yopmail.com;police officer
1017;Jany;Pandolfi;Jany.Pandolfi@yopmail.com;firefighter
1018;Ezmeralda;Alwin;Ezmeralda.Alwin@yopmail.com;doctor
1019;Ana;Eliathas;Ana.Eliathas@yopmail.com;worker
1020;Nannie;Emmaline;Nannie.Emmaline@yopmail.com;doctor
1021;Mariele;Gabrielli;Mariele.Gabrielli@yopmail.com;firefighter
1022;Alyda;Eldrid;Alyda.Eldrid@yopmail.com;doctor
1023;Katleen;Teddman;Katleen.Teddman@yopmail.com;police officer
1024;Roseline;Aloise;Roseline.Aloise@yopmail.com;police officer
1025;Hildegaard;Hanshaw;Hildegaard.Hanshaw@yopmail.com;doctor
1026;Dale;Berard;Dale.Berard@yopmail.com;police officer
1027;Mureil;Klemperer;Mureil.Klemperer@yopmail.com;doctor
1028;Anthia;Flita;Anthia.Flita@yopmail.com;police officer
1029;Janeczka;Edee;Janeczka.Edee@yopmail.com;developer
1030;Paola;Madelene;Paola.Madelene@yopmail.com;worker
1031;Mahalia;Fredi;Mahalia.Fredi@yopmail.com;police officer
1032;Nickie;Means;Nickie.Means@yopmail.com;doctor
1033;Petronia;Kathie;Petronia.Kathie@yopmail.com;doctor
1034;Ernesta;Kenney;Ernesta.Kenney@yopmail.com;worker
1035;Kristina;Iphlgenia;Kristina.Iphlgenia@yopmail.com;developer
1036;Chandra;Mike;Chandra.Mike@yopmail.com;doctor
1037;Konstance;Gilmour;Konstance.Gilmour@yopmail.com;firefighter
1038;Ingrid;McAdams;Ingrid.McAdams@yopmail.com;worker
1039;Nataline;Esmaria;Nataline.Esmaria@yopmail.com;worker
1040;Mathilda;McNully;Mathilda.McNully@yopmail.com;doctor
1041;Millie;Gladstone;Millie.Gladstone@yopmail.com;doctor
1042;Jere;Yate;Jere.Yate@yopmail.com;worker
1043;Ellette;Primalia;Ellette.Primalia@yopmail.com;worker
1044;Gabriellia;Hubert;Gabriellia.Hubert@yopmail.com;developer
1045;Selma;Serilda;Selma.Serilda@yopmail.com;firefighter
1046;Sindee;Pozzy;Sindee.Pozzy@yopmail.com;worker
1047;Anallese;Urania;Anallese.Urania@yopmail.com;police officer
1048;Mildrid;Isidore;Mildrid.Isidore@yopmail.com;firefighter
1049;Gretal;Hourigan;Gretal.Hourigan@yopmail.com;developer
1050;Mignon;Peti;Mignon.Peti@yopmail.com;police officer
1051;Tabbatha;Keelia;Tabbatha.Keelia@yopmail.com;firefighter
1052;Bertine;Ricarda;Bertine.Ricarda@yopmail.com;firefighter
1053;Verla;Burch;Verla.Burch@yopmail.com;firefighter
1054;Penelopa;Marisa;Penelopa.Marisa@yopmail.com;firefighter
1055;Tera;Ries;Tera.Ries@yopmail.com;firefighter
1056;Dari;Marlie;Dari.Marlie@yopmail.com;firefighter
1057;Adele;Hanleigh;Adele.Hanleigh@yopmail.com;police officer
1058;Amalie;Braun;Amalie.Braun@yopmail.com;police officer
1059;Audrie;Saunderson;Audrie.Saunderson@yopmail.com;firefighter
1060;Kayla;Infield;Kayla.Infield@yopmail.com;worker
1061;Cristine;Gilmour;Cristine.Gilmour@yopmail.com;developer
1062;Nita;Boehike;Nita.Boehike@yopmail.com;developer
1063;Ardys;Croix;Ardys.Croix@yopmail.com;worker
1064;Larine;Shanley;Larine.Shanley@yopmail.com;police officer
1065;Nelle;Arathorn;Nelle.Arathorn@yopmail.com;worker
1066;Tybie;Delacourt;Tybie.Delacourt@yopmail.com;worker
1067;Robinia;Olin;Robinia.Olin@yopmail.com;doctor
1068;Kalina;Raama;Kalina.Raama@yopmail.com;doctor
1069;Isa;Tamsky;Isa.Tamsky@yopmail.com;police officer
1070;Trixi;Colp;Trixi.Colp@yopmail.com;police officer
1071;Margalo;Emerson;Margalo.Emerson@yopmail.com;worker
1072;Sam;Hutchison;Sam.Hutchison@yopmail.com;developer
1073;Genevra;Thilda;Genevra.Thilda@yopmail.com;police officer
1074;Danika;Kelula;Danika.Kelula@yopmail.com;developer
1075;Kellen;Quent;Kellen.Quent@yopmail.com;doctor
1076;Bertine;Decato;Bertine.Decato@yopmail.com;doctor
1077;Catharine;Burnside;Catharine.Burnside@yopmail.com;worker
1078;Olivette;Wallis;Olivette.Wallis@yopmail.com;firefighter
1079;Clary;Gibbeon;Clary.Gibbeon@yopmail.com;worker
1080;Nelle;Alarise;Nelle.Alarise@yopmail.com;worker
1081;Cam;Reinke;Cam.Reinke@yopmail.com;police officer
1082;Coral;Thar;Coral.Thar@yopmail.com;worker
1083;Ninnetta;Damarra;Ninnetta.Damarra@yopmail.com;worker
1084;Cherilyn;Prouty;Cherilyn.Prouty@yopmail.com;doctor
1085;Rani;Erb;Rani.Erb@yopmail.com;firefighter
1086;Blinni;Dominy;Blinni.Dominy@yopmail.com;police officer
1087;Lily;Hanleigh;Lily.Hanleigh@yopmail.com;doctor
1088;Elvira;Meter;Elvira.Meter@yopmail.com;developer
1089;Siana;Linehan;Siana.Linehan@yopmail.com;police officer
1090;Belinda;Rebecka;Belinda.Rebecka@yopmail.com;worker
1091;Maridel;Kronfeld;Maridel.Kronfeld@yopmail.com;firefighter
1092;Brianna;Trey;Brianna.Trey@yopmail.com;worker
1093;Minne;Cressida;Minne.Cressida@yopmail.com;worker
1094;Vivia;Susannah;Vivia.Susannah@yopmail.com;developer
1095;Teddie;Aldric;Teddie.Aldric@yopmail.com;firefighter
1096;Gabriellia;Lutero;Gabriellia.Lutero@yopmail.com;police officer
1097;Almeta;Cohdwell;Almeta.Cohdwell@yopmail.com;firefighter
1098;Janenna;Burnside;Janenna.Burnside@yopmail.com;developer
1099;Lonnie;Noam;Lonnie.Noam@yopmail.com;police officer
